NAME,WEBSITE,EMAIL ADDRESSES
Frederick's of Hollywood,http://www.fredericks.com,
"Jus D' Orange, Inc.",http://www.shopjdo.com,
Bonita Fashion's,http://bonitafashionusa.com,
Brides of Florida,http://www.bridesofflorida.net,
Chico's,http://www.chicos.com,
Closet Candy Boutique,https://www.shopmeee.com/,
Ann Taylor,https://www.shopmint.com/,
Boho Hunter,https://shopspacey.com/password,
Buffalo Exchange,http://msmsshop.com/,
Fajas Myd,https://daydreamsurfshop.com/,
Ascension Lingerie & Swimsuit,https://www.flawlessvapeshop.com/,
Beach Concepts,https://naturerepublicshop.com/,
Downeast Outfitters,https://shop-peche.com/,
Talbots,https://shopvltra.com/password,
,https://slikhaarshop.com/,
,https://cuche.shop/,
,https://shoppopeyes.com/,
,http://stonersdelight.shop/,
,https://danlokshop.com/,
,https://shopcanoeclub.com/,
,https://www.hypershop.com/,
,https://shopnicekicks.com/,
,https://smilebraceshop.com/password,
,https://shortieshop.me/,
,https://norrisnuts.shop/,
,https://www.shophesby.com/,
,https://shopfcn.org/,
,https://shoppehr.com/,
,https://nanotoothbrushshop.com/,
,https://www.shopblackdove.com/,
,https://shoprustichouse.com/,
,https://shopwearmepro.com/,
,https://talaby.shop/,
,https://wagyushop.com/,
,https://vanman.shop/,
,https://ayushop.es/,
,https://dillizi-shop.com/,
,https://www.thegldshop.com/,
,https://ldshoppe.com/,
,https://shoppannolinobambino.com/,
,https://speedyvinylshop.com/,
,https://soundmatch.co.za/,
,https://shopredone.com/,
,https://shopdoen.com/,
,https://www.feuilleshop.com/,
,https://goldenshopusa.com/,
,https://www.thecremeshop.com/,
,https://shopyarrow.com/,
,https://shopyucca.co/,
,https://shopsm.com/,
,https://notagshop.com/,
,https://shoptresor.co.uk/,
,https://shophouseofmagnolia.com/,
,https://www.shopimpressions.com/,
,https://mondoshop.com/,
,https://thenailshopbysb.com/,
,http://theninthhouseshop.com/,
,https://themoonlightshop.com/,
,http://msmsshop.com/,
,https://daydreamsurfshop.com/,
,https://www.flawlessvapeshop.com/,
,https://naturerepublicshop.com/,
,https://shop-peche.com/,
,https://www.shopmeee.com/,
,https://www.shopmint.com/,
,https://shopspacey.com/password,
,https://shopvltra.com/password,
,https://slikhaarshop.com/,
,https://cuche.shop/,
,https://shoppopeyes.com/,
,http://stonersdelight.shop/,
,https://danlokshop.com/,
,https://shopcanoeclub.com/,
,https://www.hypershop.com/,
,https://shopnicekicks.com/,
,https://smilebraceshop.com/password,
,https://shortieshop.me/,
,https://norrisnuts.shop/,
,https://www.shophesby.com/,
,https://shopfcn.org/,
,https://shoppehr.com/,
,https://nanotoothbrushshop.com/,
,https://www.shopblackdove.com/,
,https://shoprustichouse.com/,
,https://shopwearmepro.com/,
,https://talaby.shop/,
,https://wagyushop.com/,
,https://vanman.shop/,
,https://ayushop.es/,
,https://dillizi-shop.com/,
,https://www.thegldshop.com/,
,https://ldshoppe.com/,
,https://shoppannolinobambino.com/,
,https://speedyvinylshop.com/,
,https://soundmatch.co.za/,
,https://shopredone.com/,
,https://shopdoen.com/,
,https://www.feuilleshop.com/,
,https://goldenshopusa.com/,
,https://www.thecremeshop.com/,
,https://shopyarrow.com/,
,https://shopyucca.co/,
,https://shopsm.com/,
,https://notagshop.com/,
,https://shoptresor.co.uk/,
,https://shophouseofmagnolia.com/,
,https://www.shopimpressions.com/,
,https://mondoshop.com/,
,http://msmsshop.com/,
,https://daydreamsurfshop.com/,
,https://www.flawlessvapeshop.com/,
,https://naturerepublicshop.com/,
,https://shop-peche.com/,
,https://www.shopmeee.com/,
,https://www.shopmint.com/,
,https://shopspacey.com/password,
,https://shopvltra.com/password,
,https://slikhaarshop.com/,
,https://cuche.shop/,
,https://shoppopeyes.com/,
,http://stonersdelight.shop/,
,https://danlokshop.com/,
,https://shopcanoeclub.com/,
,https://www.hypershop.com/,
,https://shopnicekicks.com/,
,https://smilebraceshop.com/password,
,https://shortieshop.me/,
,https://norrisnuts.shop/,
,https://www.shophesby.com/,
,https://shopfcn.org/,
,https://shoppehr.com/,
,https://nanotoothbrushshop.com/,
,https://www.shopblackdove.com/,
,https://shoprustichouse.com/,
,https://shopwearmepro.com/,
,https://talaby.shop/,
,https://wagyushop.com/,
,https://vanman.shop/,
,https://ayushop.es/,
,https://dillizi-shop.com/,
,https://www.thegldshop.com/,
,https://ldshoppe.com/,
,https://shoppannolinobambino.com/,
,https://speedyvinylshop.com/,
,https://soundmatch.co.za/,
,https://shopredone.com/,
,https://shopdoen.com/,
,https://www.feuilleshop.com/,
,https://goldenshopusa.com/,
,https://www.thecremeshop.com/,
,https://shopyarrow.com/,
,https://shopyucca.co/,
,https://shopsm.com/,
,https://notagshop.com/,
,https://shoptresor.co.uk/,
,https://shophouseofmagnolia.com/,
,https://www.shopimpressions.com/,
,https://mondoshop.com/,